user_name,user_job
Tester1,Job1
Tester2,Job2
Tester3,Job3
Tester4,Job4
Tester5,Job5
Tester6,Job6
Tester7,Job7
Tester8,Job8
Tester9,Job9
Tester10,Job10
Tester11,Job11
Tester12,Job12
Tester13,Job13
Tester14,Job14
Tester15,Job15
Tester16,Job16
Tester17,Job17
Tester18,Job18
Tester19,Job19
Tester20,Job20
Tester21,Job21
Tester22,Job22
Tester23,Job23
Tester24,Job24
Tester25,Job25
Tester26,Job26
Tester27,Job27
Tester28,Job28
Tester29,Job29
Tester30,Job30
Tester31,Job31
Tester32,Job32
Tester33,Job33
Tester34,Job34
Tester35,Job35
Tester36,Job36
Tester37,Job37
Tester38,Job38
Tester39,Job39
Tester40,Job40
Tester41,Job41
Tester42,Job42
Tester43,Job43
Tester44,Job44
Tester45,Job45
Tester46,Job46
Tester47,Job47
Tester48,Job48
Tester49,Job49
Tester50,Job50
Tester51,Job51
Tester52,Job52
Tester53,Job53
Tester54,Job54
Tester55,Job55
Tester56,Job56
Tester57,Job57
Tester58,Job58
Tester59,Job59
Tester60,Job60
Tester61,Job61
Tester62,Job62
Tester63,Job63
Tester64,Job64
Tester65,Job65
Tester66,Job66
Tester67,Job67
Tester68,Job68
Tester69,Job69
Tester70,Job70
Tester71,Job71
Tester72,Job72
Tester73,Job73
Tester74,Job74
Tester75,Job75
Tester76,Job76
Tester77,Job77
Tester78,Job78
Tester79,Job79
Tester80,Job80
Tester81,Job81
Tester82,Job82
Tester83,Job83
Tester84,Job84
Tester85,Job85
Tester86,Job86
Tester87,Job87
Tester88,Job88
Tester89,Job89
Tester90,Job90
Tester91,Job91
Tester92,Job92
Tester93,Job93
Tester94,Job94
Tester95,Job95
Tester96,Job96
Tester97,Job97
Tester98,Job98
Tester99,Job99
Tester100,Job100
